,0
rock,8723
pop,7851
hip,2970
hop,2701
rap,2629
indie,2521
jazz,2317
country,2127
folk,1840
alternative,1800
metal,1614
soul,1578
new,1571
blues,1403
classic,1344
classical,1260
latin,1254
modern,1209
dance,1145
punk,1140
house,1083
contemporary,1026
trap,932
funk,811
r&b,790
wave,744
deep,697
southern,680
mellow,600
mexican,563
roots,539
music,529
christian,523
hard,515
performance,507
neo,494
reggae,492
tropical,481
traditional,463
art,451
worship,434
and,409
canadian,397
hardcore,394
tunes,394
emo,392
urban,390
edm,387
progressive,387
soft,379
regional,378
swing,376
electro,363
standards,362
adult,362
gold,358
nu,355
band,349
disco,344
italian,343
piano,329
album,329
electropop,325
americana,320
vintage,318
big,317
british,312
gangster,311
vocal,307
coast,307
underground,306
garage,300
storm,294
quiet,294
grupera,293
psychedelic,293
post-teen,291
post-grunge,288
melodic,287
reggaeton,285
australian,279
uk,277
banda,267
ska,267
salsa,264
indietronica,259
building,253
brill,253
soundtrack,245
romantic,243
show,243
vapor,242
bubblegum,240
singer-songwriter,237
cumbia,236
stomp,236
motown,236
norteno,233
gospel,233
fusion,228
holler,222
rock-and-roll,220
bluegrass,220
room,218
hollywood,217
road,211
bass,211
metalcore,205
lo-fi,205
experimental,199
post-punk,195
chicago,194
industrial,192
jack,192
lounge,191
south,190
cool,190
swedish,190
dirty,186
american,185
opera,184
french,180
ccm,179
movie,179
bebop,179
instrumental,178
atl,177
world,177
post-disco,172
glam,170
espanol,170
early,170
electronica,170
orchestral,170
era,168
east,167
en,164
ambient,164
post-bop,163
texas,161
bop,160
west,159
ranchera,158
acoustic,157
poptimism,156
indian,156
broadway,152
power,151
rockabilly,143
baroque,143
europop,141
thrash,141
group,141
school,140
bollywood,140
old,139
german,138
comic,138
rhythm,138
filmi,137
anthem,136
japanese,136
orchestra,131
chanson,131
freak,131
listening,131
easy,131
post-hardcore,130
rave,130
age,129
bolero,129
spanish,128
sound,128
dance-punk,128
smooth,127
lilith,126
viral,126
mandopop,123
electronic,122
brazilian,122
flow,121
chamber,120
guitar,119
nova,118
stride,116
permanent,116
synthpop,115
opm,115
k-pop,115
saxophone,115
dark,109
electric,108
sleep,108
core,107
duranguense,107
mpb,106
philly,105
symphonic,105
screamo,104
pub,103
soprano,103
doo-wop,102
c-pop,102
revival,102
bossa,101
desi,100
skate,98
beats,95
escape,95
jam,95
comedy,94
orleans,94
dancehall,94
historic,93
irish,93
steady,92
groove,91
death,91
trance,90
girl,90
merseybeat,89
shimmer,89
background,88
chillwave,88
redneck,87
samba,87
memphis,86
celtic,86
slow,86
indiecoustica,86
yacht,85
children's,85
dub,85
free,85
avant-garde,84
cantopop,84
anti-folk,84
compositional,84
focus,81
otacore,80
russian,80
heartland,80
disney,78
lovers,78
sufi,78
conscious,78
international,77
noise,77
boy,77
turntablism,76
outlaw,76
cali,76
tumbados,75
corridos,75
techno,75
surf,74
tenor,74
dawn,73
brostep,73
cancion,72
melancholia,72
trip,70
metropopolis,70
la,70
dream,68
violin,68
choir,68
beat,67
social,67
media,67
anime,67
dutch,66
chinese,66
space,66
old-time,66
scottish,65
neon,65
g,64
britpop,64
scorecore,64
guarda,64
eurodance,64
psych,63
environmental,63
grunge,63
velha,62
post-rock,62
sonidera,62
miami,61
chillhop,61
protopunk,61
tejano,61
calming,60
pinoy,60
gothic,60
argentine,59
jawaiian,59
arena,59
gaze,59
post-romantic,58
norwegian,58
downtempo,57
trumpet,57
boston,57
nashville,56
romantico,56
israeli,56
invasion,56
perreo,56
crunk,55
merengue,54
afrobeat,54
latino,54
praise,54
appalachian,54
chicano,53
korean,52
organ,52
cafe,52
nyc,51
gbvfi,51
healing,51
flamenco,51
jersey,51
anthem-folk,51
neo-psychedelic,50
late,50
drums,50
bedroom,50
rebetiko,49
quartet,49
western,49
forro,49
freakbeat,48
stoner,48
ragtime,48
shoegaze,48
corrido,48
hawaiian,47
future,47
scene,47
hyphy,46
nueva,46
song,46
freestyle,46
dominican,46
queen,45
cantautor,45
mariachi,45
colombian,45
game,45
canzone,44
folk-pop,44
banjo,44
turkish,44
deathcore,44
tango,44
j-pop,43
meme,43
dirt,43
baritone,43
red,43
hindustani,42
sertanejo,42
drone,42
torch,42
video,42
rumba,42
exotica,41
afropop,41
dreamo,41
pixie,41
black,41
ghazal,40
mezzo-soprano,40
nacional,40
bow,40
string,40
ye,40
trio,39
acid,39
native,39
arab,39
sleaze,39
canterbury,38
meditation,38
drill,38
greek,38
beatlesque,37
post-screamo,37
oklahoma,37
pagode,37
candy,36
swamp,36
queens,36
inmortales,36
neo-classical,36
doom,36
gruperas,36
bronx,36
relaxative,36
bachata,36
choral,35
antiviral,35
oi,35
twitch,35
speed,35
musica,35
brass,34
zolo,34
minneapolis,34
puertorriquena,34
harmony,33
northern,33
library,33
poetry,33
cubano,33
ninja,33
operatic,32
louisiana,32
clarinet,32
ensemble,32
detroit,31
taiwan,30
filter,30
flute,30
fourth,30
diva,30
j-rock,30
cello,30
gaming,29
neo-synthpop,29
city,29
puerto,29
rican,29
napoletana,29
danish,29
belgian,29
hi-nrg,28
double,28
historically,28
argentino,28
tamil,28
talent,28
informed,28
c86,28
improvisation,28
choro,27
schlager,27
abstract,27
calypso,27
african,27
cowboy,27
wrestling,26
water,26
entehno,26
composition,26
pakistani,26
nz,26
melodica,26
caliente,26
touch,26
cartoon,26
boom,26
bap,26
delta,25
houston,25
rare,25
catstep,25
jangle,25
ecm-style,25
polynesian,25
epicore,25
classify,25
sunshine,25
cosmic,25
renaissance,25
carnatic,25
gymcore,24
tin,24
alley,24
jump,24
kirtan,24
cabaret,24
intelligent,24
pan,24
lgbtq+,23
icelandic,23
persian,23
trombone,23
laiko,23
e6fi,23
novelty,23
boogaloo,23
mexicano,23
trova,22
romanticism,22
cristiano,22
florida,22
score,22
impressionism,22
bounce,22
laboratorio,22
roll,21
'n',21
brooklyn,21
afrofuturism,21
minimal,21
harmonica,21
edge,21
straight,21
supergroup,21
dixieland,21
uplifting,21
tecnobanda,20
grime,20
venezuelan,20
ballroom,20
arkansas,20
shamanic,20
orgcore,20
complextro,19
madchester,19
glitch,19
welsh,19
brasileiro,19
mambo,19
phonk,19
tex-mex,19
k-rap,19
italiano,18
soca,18
harlem,18
outsider,18
crossover,18
bay,18
area,18
steampunk,18
bakersfield,18
boogie-woogie,18
portland,18
operetta,18
polish,18
neoclassicism,18
ectofolk,18
finnish,17
dfw,17
j-poprock,17
uk82,17
wonky,17
drum,17
nc,17
microhouse,17
english,17
jazztronica,17
slack-key,16
lullaby,16
sludge,16
theme,16
midwest,16
baile,16
norteno-sax,16
universitario,16
idol,16
trancecore,16
retro,16
ebm,16
ethereal,16
rabindra,16
power-pop,16
rouge,16
cowpunk,16
synth,16
spirituals,16
breakbeat,16
lds,16
technical,16
baton,16
bangla,16
jamgrass,16
djent,16
sangeet,16
austin,15
panamanian,15
socal,15
hopebeat,15
nigerian,15
no,15
grrrl,15
rebel,15
riot,15
atmosphere,15
san,15
a,15
singaporean,15
white,15
hammond,15
battle,15
colombiana,15
neue,15
minimalism,15
p,15
deutsche,15
alabama,15
chill,14
haitian,14
singing,14
vallenato,14
chilean,14
boogie,14
piedmont,14
peruvian,14
brutal,14
medieval,14
melbourne,14
cappella,14
rosary,14
highlife,13
toronto,13
vancouver,13
bboy,13
carnavalera,13
darkwave,13
dmv,13
urbano,13
neoclassical,13
nordic,13
latina,13
honky,13
moombahton,13
electroclash,13
desert,13
riddim,13
cover,13
psychobilly,13
tonk,13
vibraphone,13
chorus,13
mandolin,13
nyhc,13
aussietronica,12
austindie,12
campus,12
d'autore,12
radio,12
tipico,12
us,12
athens,12
kiwi,12
romanian,12
weird,12
america,12
minnesota,12
screwed,12
chopped,12
indonesian,12
symphony,12
folktronica,12
manila,12
nwobhm,12
gypsy,12
contralto,12
diego,12
dubstep,12
drift,11
hyperpop,11
carolina,11
shibuya-kei,11
electropowerpop,11
traprun,11
gaucho,11
gauze,11
afro,11
slayer,11
spytrack,11
harp,11
spiritual,11
brega,11
blues-rock,11
folklore,11
beach,11
twee,11
shred,11
galante,11
etherpop,11
uplift,11
horror,11
crust,11
clean,11
violao,11
yodeling,10
olympia,10
chutney,10
kawaii,10
alberta,10
wa,10
steel,10
tribal,10
shiver,10
livetronica,10
welle,10
light,10
moog,10
tech,10
dc,10
teen,10
pittsburgh,10
accordion,10
mande,10
francaise,10
ny,10
nederpop,10
mountain,10
electra,10
electro-industrial,10
street,10
fingerstyle,10
ragga,10
chicha,10
croatian,10
chillstep,10
popping,9
krautrock,9
monastic,9
preschool,9
nouvelle,9
tradicional,9
viking,9
neo-singer-songwriter,9
nu-cumbia,9
cuban,9
scandipop,9
argentina,9
club,9
england,9
czech,9
swiss,9
brit,9
salvadorena,9
north,9
venezolana,9
gothenburg,9
palm,9
synthwave,9
son,9
grave,9
channel,9
oxford,8
wu,8
axe,8
fam,8
zapstep,8
transpop,8
zydeco,8
cyberpunk,8
vaporwave,8
neo-trad,8
mexicana,8
birmingham,8
deathrock,8
liturgy,8
anglican,8
small,8
ukulele,8
ecuadorian,8
parody,8
bahamian,8
yugoslav,8
j-metal,8
ukrainian,8
harpsichord,8
j-idol,8
tape,8
peruana,8
liquid,8
nwothm,7
k-indie,7
de,7
bhangra,7
eurobeat,7
one-person,7
sacramento,7
musique,7
malaysian,7
drama,7
belly,7
mexico,7
literature,7
austro-german,7
modernism,7
virginia,7
ottawa,7
heavy,7
fluxwork,7
neo-traditional,7
j-pixie,7
end,7
punjabi,7
nica,7
britain,7
popular,7
eau,7
kentucky,7
claire,7
nursery,7
oakland,7
victorian,7
baltimore,7
middle,7
proto-techno,7
dulcimer,7
spa,7
easycore,6
seattle,6
reading,6
sevdah,6
roda,6
tribe,6
andean,6
quebec,6
orquesta,6
ola,6
line,6
fiddle,6
idm,6
nisiotika,6
sitar,6
second,6
llanera,6
funky,6
london,6
ambeat,6
copla,6
infantil,6
lebanese,6
warm,6
afroswing,6
hoerspiel,6
muzika,6
chileno,6
afghan,6
youth,6
fado,6
bouzouki,6
austrian,6
adoracion,6
viola,6
flutter,6
serialism,6
euro,6
dansktop,6
cha-cha-cha,6
paraense,6
chilena,6
buffalo,6
truck-driving,6
louisville,6
vocaloid,6
peruano,5
atmospheric,5
zouk,5
tx,5
filthstep,5
polyphony,5
dominicano,5
military,5
popwave,5
of,5
crack,5
horrorcore,5
scream,5
folkmusik,5
post-minimalism,5
vgm,5
vegas,5
shanty,5
samba-rock,5
asian,5
quebecois,5
berlin,5
breaks,5
cubaton,5
mantra,5
jig,5
rochester,5
nu-metalcore,5
neo-progressive,5
kannada,5
bhava,5
dunedin,5
geethe,5
bubble,5
bc,5
horn,5
visual,5
kei,5
burmese,5
brighton,5
andina,5
soukous,5
anarcho-punk,5
straight-ahead,5
avant,5
garde,5
cambridge,5
math,5
choke,5
cambodian,5
tone,5
charanga,5
barbadian,5
anadolu,5
narodna,5
carioca,5
float,5
keyboard,5
historical,5
alto,5
sheffield,5
partido,5
nl,5
washington,5
jug,5
singers,5
earth,5
italo,5
reel,5
villera,5
deathrash,5
malian,5
psych-pop,4
nintendocore,4
wyoming,4
tipica,4
guitarra,4
ghanaian,4
estonian,4
up,4
muzica,4
marathi,4
tabla,4
folclor,4
turbo,4
team,4
baiao,4
acousmatic,4
mashup,4
tucson,4
paisley,4
lancaster,4
pa,4
quintet,4
chunchaca,4
family,4
indigenous,4
bassline,4
polka,4
populara,4
go-go,4
papuri,4
venezolano,4
slam,4
post-metal,4
belarusian,4
umbanda,4
countertenor,4
porro,4
dhrupad,4
york,4
hardstyle,4
naija,4
kids,4
party,4
collage,4
clasico,4
hurdy-gurdy,4
audiophile,4
mod,4
uilleann,4
bmore,4
pipes,4
ann,4
arbor,4
lagunera,4
catala,4
atlanta,4
kingston,4
on,4
ballad,4
geek,4
oratory,4
kayokyoku,4
azeri,4
thai,4
oud,4
rhode,4
island,4
happy,4
vaudeville,4
basshall,4
islands,4
deathgrind,4
manchester,4
omaha,4
navajo,4
halloween,4
kc,4
okinawan,4
prog,4
grand,3
dembow,3
rapids,3
swancore,3
ongaku,3
moldovan,3
bergen,3
kreyol,3
iskelma,3
makossa,3
arabic,3
indy,3
kindie,3
dak,3
hands,3
tzadik,3
emocore,3
tagalog,3
cinematic,3
trad,3
ethio-jazz,3
pony,3
skool,3
shakuhachi,3
edmonton,3
bengali,3
dakke,3
tollywood,3
kundiman,3
visor,3
nightrun,3
ohio,3
dayton,3
montreal,3
worth,3
fort,3
ontario,3
ethnomusicology,3
vogue,3
mn,3
trival,3
post-doom,3
charlotte,3
deathgrass,3
bush,3
fidget,3
denver,3
neo-pagan,3
eastern,3
slc,3
azonto,3
genovese,3
colombiano,3
nottingham,3
rockism,3
kong,3
hong,3
rune,3
soda,3
corrosion,3
khmer,3
strut,3
mainland,3
hokkien,3
hall,3
mindfulness,3
griot,3
mbalax,3
albuquerque,3
enka,3
hula,3
tampa,3
mangue,3
saskatchewan,3
el,3
cape,3
cajun,3
marcos,3
paso,3
college,3
twoubadou,3
electrofox,3
guidance,3
bandoneon,3
stl,3
minecraft,3
concert,3
ninos,3
para,3
mississippi,3
binaural,3
conciencia,3
pirate,3
bleep,3
final,3
fantasy,3
bit,3
pour,3
christmas,3
kleine,3
paraguaya,3
harte,3
kayo,3
egyptian,3
diy,3
tamborazo,3
popgaze,3
dnb,3
connecticut,3
conscient,3
tolkien,3
rif,3
prehispanica,3
chaotic,3
dreamgaze,3
waves,3
brain,3
auckland,3
azontobeats,3
mento,3
language,3
nightcore,2
mallet,2
perth,2
accordeon,2
hamburg,2
balearic,2
panpipe,2
jamtronica,2
chiptune,2
xhosa,2
syrian,2
percussion,2
432hz,2
ryukyu,2
luk,2
honky-tonk,2
kompa,2
progg,2
thung,2
svensk,2
volksmusik,2
vegan,2
substep,2
gothabilly,2
bansuri,2
jacksonville,2
sacred,2
neo-rockabilly,2
napoletano,2
milwaukee,2
pernambuco,2
juju,2
albanian,2
dakota,2
telugu,2
mollywood,2
cubana,2
timba,2
qawwali,2
folclore,2
dansband,2
pagan,2
autonomous,2
latintronica,2
musical,2
marching,2
hauntology,2
primitive,2
punta,2
broken,2
advocacy,2
tuba,2
plunderphonics,2
euroska,2
virgin,2
beninese,2
eurovision,2
coco,2
antigua,2
antigas,2
sarod,2
vietnamese,2
cuatro,2
oboe,2
vermont,2
enfants,2
todeskunst,2
shush,2
uzbek,2
bristol,2
das,2
barnmusik,2
musikkorps,2
chant,2
jovem,2
slamming,2
veena,2
star,2
knoxville,2
adventista,2
j-punk,2
j-rap,2
vbs,2
fast,2
witch,2
ostentacao,2
columbus,2
ecuatoriano,2
francoton,2
trash,2
trinidadian,2
sovietwave,2
samba-enredo,2
mass,2
slovenian,2
wind,2
futurepop,2
triangle,2
southampton,2
lo,2
concrete,2
champeta,2
barbershop,2
bitpop,2
wight,2
brisbane,2
asmr,2
isle,2
bouncy,2
bard,2
mathcore,2
potosina,2
magyar,2
circus,2
jewish,2
motivation,2
liverpool,2
breton,2
denton,2
afro-funk,2
darksynth,2
kizomba,2
okc,2
klezmer,2
duluth,2
yiddish,2
mizrahi,2
rwandan,2
gainesville,2
autoharp,2
queercore,2
nepali,2
skiffle,2
christchurch,2
lovsang,2
canaria,2
chihuahua,2
nerdcore,2
norsk,2
danspunk,2
grindcore,2
lexington,2
ky,2
maine,2
hammered,2
destroy,2
contrabass,2
idaho,2
andaluz,2
effects,2
cedm,2
messianic,2
modular,2
sandalwood,2
afrocolombiano,2
euphoric,2
women's,2
theremin,2
story,2
pianissimo,2
lafayette,2
manitoba,2
ok,1
coverchill,1
v-pop,1
shabad,1
slavic,1
orebro,1
liedermacher,1
sudanese,1
ilahiler,1
skramz,1
iowa,1
francais,1
wisconsin,1
veracruz,1
breakcore,1
derby,1
j-acoustic,1
powerviolence,1
fondo,1
cambridgeshire,1
iraqi,1
concertina,1
solipsynthm,1
yoga,1
afro-cuban,1
alternatif,1
kent,1
norman,1
marimba,1
arabesk,1
tennessee,1
neurofunk,1
kashmiri,1
congolaise,1
jibara,1
essex,1
mo,1
czsk,1
box,1
kabarett,1
utah,1
asbury,1
springfield,1
scandinavian,1
park,1
class,1
ballet,1
lund,1
proto-rap,1
animal,1
koto,1
doujin,1
quran,1
ghent,1
bath,1
dallas,1
tulsa,1
j-ambient,1
afroperuana,1
psychill,1
duo,1
faroese,1
microtonal,1
calgary,1
thall,1
gqom,1
malmo,1
kodomo,1
indorock,1
sefardi,1
hmong,1
monterrey,1
yorkshire,1
danseband,1
recitation,1
islamic,1
palestinian,1
tajik,1
recorder,1
psytrance,1
kora,1
afrofuturismo,1
variete,1
charlottesville,1
latinoamericano,1
antilliaanse,1
extremeno,1
karneval,1
university,1
wassoulou,1
candomble,1
kolsche,1
gabba,1
ugandan,1
gabonese,1
dong-yo,1
halifax,1
quatuor,1
cathedral,1
cadence,1
zen,1
mongolian,1
cornwall,1
fremantle,1
orlando,1
touareg,1
tuareg,1
cordes,1
kindermusik,1
chattanooga,1
saharan,1
gangsta,1
navarra,1
rai,1
psybass,1
joropo,1
zimdancehall,1
newcastle,1
digital,1
circuit,1
semba,1
cantorial,1
blackened,1
uruguayo,1
canto,1
j-dance,1
victoria,1
post-post-hardcore,1
rva,1
aggrotech,1
funeral,1
clawhammer,1
town,1
jing,1
fo,1
bowl,1
guam,1
guaracha,1
chakra,1
martial,1
neofolk,1
steelpan,1
tico,1
piemonteisa,1
kinderen,1
voor,1
muziek,1
washboard,1
triste,1
graz,1
ayacuchana,1
huayno,1
pet,1
beatboxing,1
duduk,1
armenian,1
latincore,1
d-beat,1
sevillanas,1
funana,1
morna,1
catracho,1
detske,1
peule,1
alt-idol,1
jordanian,1
nuevo,1
baltic,1
braindance,1
portuguese,1
baiano,1
levenslied,1
shaabi,1
polca,1
gaian,1
moroccan,1
ukg,1
lithuanian,1
hardvapour,1
pisnicky,1
dinner,1
verdean,1
guinean,1
muzigi,1
halk,1
karadeniz,1
slovak,1
ecuatoriana,1
epic,1
guadalajara,1
footwork,1
enfant,1
dungeon,1
bulgarian,1
michigan,1
cymraeg,1
urbaine,1
pibroch,1
kwaito,1
hangpan,1
oth,1
sarda,1
dabke,1
dusseldorf,1
detskie,1
whittle,1
ost,1
orthodox,1
scratch,1
inuit,1
guadeloupe,1
leicester,1
komedi,1
alternativo,1
bohemian,1
paillarde,1
isolationism,1
canco,1
case,1
portsmouth,1
comedienne,1
pesni,1
keroncong,1
zhongguo,1
lldm,1
flick,1
prepared,1
oriental,1
kyma,1
cante,1
zouglou,1
ilocano,1
j-reggae,1
lute,1
esperanto,1
santafesina,1
huapango,1
concepcion,1
cuarteto,1
oceania,1
guzheng,1
erhu,1
feng,1
gamelan,1
cook,1
l'yeladim,1
cincinnati,1
histoire,1
hungarian,1
zuliana,1
gaita,1
neotango,1
glee,1
ethiopian,1
cypriot,1
nativista,1
bandinhas,1
louvor,1
chapin,1
guatemalan,1
yoik,1
soviet,1
fijian,1
nubian,1
wrock,1
moravian,1
denpa-kei,1
slovo,1
mluvene,1
bloc,1
devon,1
frankfurt,1
portuguesa,1
j-division,1
kaneka,1
dangdut,1
kombina,1
ritmo,1
kabyle,1
mediterranean,1
deathstep,1
purple,1
aragonesa,1
blackgaze,1
balkan,1
